03:00 PM,05:45 PM,63,Simon Shim - simon.shim@sjsu.edu,CMPE273 Sec: 01 - Ent Dist Systems
01:00 PM,03:45 PM,49,Hungwen Li - hungwen.li@sjsu.edu,CMPE180C Sec: 01 - Operating Systems
01:00 PM,03:45 PM,42,Jill Citron - jill.citron@sjsu.edu,STAT95 Sec: 02 - Elem Stat
01:00 PM,03:45 PM,39,Baruch Saeed - baruch.saeed@sjsu.edu,ISE195B Sec: 01 - Sr ISE Design II
01:00 PM,03:45 PM,31,Wei Yuan - wei.yuan@sjsu.edu,BUS3189 Sec: 21 - Strategic Mgmt
01:30 PM,03:50 PM,30,Alice Butzlaff - alice.butzlaff@sjsu.edu,NURS34A Sec: 02 - Prof Role Dev II
03:30 PM,06:15 PM,30,Ahmad Shahsiah - ahmad.shahsiah@sjsu.edu,EE130 Sec: 01 - Elec. Mach. Drv.
02:00 PM,04:45 PM,30,Wendy Lee - wendy.lee@sjsu.edu,CS46B Sec: 13 - Intro to Data Strc
01:30 PM,04:15 PM,29,Sandra Trafalis - sandra.trafalis@sjsu.edu,PSYC18 Sec: 05 - Intro to Res Meth
02:00 PM,04:45 PM,29,Qi Yang - qi.yang@sjsu.edu,CS46A Sec: 13 - Intro to Progrmng
02:00 PM,04:45 PM,29,Wendy Lee - wendy.lee@sjsu.edu,CS46B Sec: 16 - Intro to Data Strc
01:30 PM,04:00 PM,28,Lionel Cheruzel - lionel.cheruzel@sjsu.edu,CHEM190 Sec: 01 - Intro to Research
03:00 PM,05:45 PM,27,Wael Abdeljabbar - wael.abdeljabbar@sjsu.edu,TECH68 Sec: 11 - IoT Systems
10:00 AM,04:00 PM,27,Alice Chung - alice.chung@sjsu.edu,DSGD83 Sec: 04 - Digital Apps Basic
12:30 PM,03:15 PM,27,Kathy Lemon - kathy.lemon@sjsu.edu,SCWK242 Sec: 03 - Res Meth Data Eval
12:30 PM,03:15 PM,26,Christopher Burkett - christopher.burkett@sjsu.edu,SCWK204 Sec: 01 - Soc Pol Analsis
03:00 PM,08:50 PM,26,STEPHEN POLCYN - stephen.polcyn@sjsu.edu,DSIT112 Sec: 01 - Prof. Practice ID
12:30 PM,03:15 PM,26,Glenn Thomas - glenn.thomas@sjsu.edu,SCWK204 Sec: 02 - Soc Pol Analsis
12:30 PM,03:15 PM,25,Charis Stiles - charis.stiles@sjsu.edu,SCWK131 Sec: 03 - Hm Bhvr Soc Env II
02:00 PM,04:50 PM,25,Lucia Capdevila - lucia.capdevila@sjsu.edu,AE30 Sec: 03 - Program. for AEs
